District,Price,Prev_Month,Prev_Year,Change_M,Change_Y,Crop,Rainfall_mm,Month_Year

Belgaum,3609.00,3042.00,2972.00,+18.6%,+21.4%,Wheat,152.3,"July, 2026"
Belgaum,3042.00,4139.00,2797.00,-26.5%,+8.8%,Wheat,131.9,"June, 2026"
Belgaum,4139.00,3640.00,3000.00,+13.6%,+38.0%,Wheat,40.0,"May, 2026"
Belgaum,3640.00,4001.00,3378.00,-9.0%,+7.8%,Wheat,12.0,"April, 2026"
Belgaum,4001.00,3694.00,3443.00,+8.3%,+16.2%,Wheat,2.8,"March, 2026"
Belgaum,3694.00,3420.00,3600.00,+8.0%,+2.6%,Wheat,0.8,"February, 2026"
Belgaum,3420.00,3110.00,3274.00,+10.0%,+4.5%,Wheat,1.9,"January, 2026"
Belgaum,3110.00,2989.00,3250.00,+4.0%,-4.3%,Wheat,0.9,"December, 2025"
Belgaum,2989.00,2652.00,3193.00,+12.7%,-6.4%,Wheat,5.9,"November, 2025"
Belgaum,2652.00,2903.00,3035.00,-8.6%,-12.6%,Wheat,109.7,"October, 2025"
Belgaum,2903.00,2900.00,3293.00,+0.1%,-11.8%,Wheat,218.7,"September, 2025"
Belgaum,2900.00,2972.00,2900.00,-2.4%,0.0%,Wheat,266.1,"August, 2025"
Belgaum,2972.00,2797.00,3000.00,+6.3%,-0.9%,Wheat,248.2,"July, 2025"
Belgaum,2797.00,3000.00,4235.00,-6.8%,-34.0%,Wheat,243.3,"June, 2025"
Belgaum,3000.00,3378.00,3000.00,-11.2%,0.0%,Wheat,253.2,"May, 2025"
Belgaum,3378.00,3443.00,3200.00,-1.9%,+5.6%,Wheat,15.5,"April, 2025"
Belgaum,3443.00,3600.00,3180.00,-4.4%,+8.3%,Wheat,1.8,"March, 2025"
Belgaum,3600.00,3274.00,3100.00,+10.0%,+16.1%,Wheat,0.0,"February, 2025"
Belgaum,3274.00,3250.00,2980.00,+0.7%,+9.9%,Wheat,0.0,"January, 2025"
Belgaum,3250.00,3193.00,2722.00,+1.8%,+19.4%,Wheat,15.7,"December, 2024"
Belgaum,3193.00,3035.00,3100.00,+5.2%,+3.0%,Wheat,20.6,"November, 2024"
Belgaum,3035.00,3293.00,3224.00,-7.8%,-5.9%,Wheat,214.9,"October, 2024"
Belgaum,3293.00,2900.00,3450.00,+13.6%,-4.6%,Wheat,140.7,"September, 2024"
Belgaum,2900.00,3000.00,2600.00,-3.3%,+11.5%,Wheat,258.5,"August, 2024"
Belgaum,3000.00,4235.00,2450.00,-29.2%,+22.4%,Wheat,435.3,"July, 2024"
Belgaum,4235.00,3000.00,3000.00,+41.2%,+41.2%,Wheat,235.0,"June, 2024"
Belgaum,3000.00,3200.00,2850.00,-6.3%,+5.3%,Wheat,96.1,"May, 2024"
Belgaum,3200.00,3180.00,2700.00,+0.6%,+18.5%,Wheat,27.4,"April, 2024"
Belgaum,3180.00,3100.00,3200.00,+2.6%,-0.6%,Wheat,0.5,"March, 2024"
Belgaum,3100.00,2980.00,2900.00,+4.0%,+6.9%,Wheat,0.0,"February, 2024"
Belgaum,2980.00,2722.00,2850.00,+9.5%,+4.6%,Wheat,3.1,"January, 2024"
Belgaum,2722.00,2950.00,2650.00,-7.7%,+2.7%,Wheat,0.7,"December, 2023"
Belgaum,2950.00,3224.00,3543.00,-8.5%,-16.7%,Wheat,45.4,"November, 2023"
Belgaum,3224.00,3450.00,2419.00,-6.6%,+33.3%,Wheat,91.7,"October, 2023"
Belgaum,3450.00,2600.00,2474.00,+32.7%,+39.5%,Wheat,166.7,"September, 2023"
Belgaum,2600.00,2450.00,2400.00,+6.1%,+8.3%,Wheat,74.9,"August, 2023"
Belgaum,2450.00,3000.00,2277.00,-18.3%,+7.6%,Wheat,399.1,"July, 2023"
Belgaum,3000.00,2850.00,2144.00,+5.3%,+39.9%,Wheat,83.0,"June, 2023"
Belgaum,2850.00,2700.00,2365.00,+5.6%,+20.5%,Wheat,79.6,"May, 2023"
Belgaum,2700.00,3200.00,2400.00,-15.6%,+12.5%,Wheat,16.2,"April, 2023"
Belgaum,3200.00,2900.00,2200.00,+10.3%,+45.5%,Wheat,1.5,"March, 2023"
Belgaum,2900.00,3000.00,2200.00,-3.3%,+31.8%,Wheat,0.0,"February, 2023"
Belgaum,3000.00,2850.00,1912.00,+5.3%,+56.9%,Wheat,1.8,"January, 2023"
Belgaum,2850.00,3543.00,2000.00,-19.6%,+42.5%,Wheat,25.4,"December, 2022"
Belgaum,3543.00,2419.00,2100.00,+46.5%,+68.7%,Wheat,6.5,"November, 2022"
Belgaum,2419.00,2474.00,1802.00,-2.2%,+34.2%,Wheat,176.0,"October, 2022"
Belgaum,2474.00,2400.00,1839.00,+3.1%,+34.5%,Wheat,183.3,"September, 2022"
Belgaum,2400.00,2277.00,1827.00,+5.4%,+31.4%,Wheat,279.4,"August, 2022"
Belgaum,2277.00,2144.00,1874.00,+6.2%,+21.5%,Wheat,337.3,"July, 2022"
Belgaum,2144.00,2365.00,1874.00,-9.3%,+14.4%,Wheat,185.3,"June, 2022"
Belgaum,2365.00,2400.00,1800.00,-1.5%,+31.4%,Wheat,296.3,"May, 2022"
Belgaum,2400.00,2200.00,1778.00,+9.1%,+35.0%,Wheat,35.6,"April, 2022"
Belgaum,2200.00,2200.00,1794.00,0.0%,+22.6%,Wheat,3.7,"March, 2022"
Belgaum,2200.00,1912.00,1687.00,+15.1%,+30.4%,Wheat,0.0,"February, 2022"
Belgaum,1912.00,2000.00,1781.00,-4.4%,+7.4%,Wheat,0.6,"January, 2022"
Belgaum,2000.00,2100.00,1737.00,-4.8%,+15.1%,Wheat,16.2,"December, 2021"
Belgaum,2100.00,1802.00,1790.00,+16.5%,+17.3%,Wheat,107.1,"November, 2021"
Belgaum,1802.00,1839.00,1621.00,-2.0%,+11.2%,Wheat,150.3,"October, 2021"
Belgaum,1839.00,1827.00,1672.00,+0.7%,+10.0%,Wheat,188.2,"September, 2021"
Belgaum,1827.00,1874.00,1730.00,-2.5%,+5.6%,Wheat,129.5,"August, 2021"
Belgaum,1874.00,1874.00,1923.00,0.0%,-2.5%,Wheat,493.5,"July, 2021"
Belgaum,1874.00,1800.00,2291.00,+4.1%,-18.2%,Wheat,578.7,"June, 2021"
Belgaum,1800.00,1778.00,2310.00,+1.2%,-22.1%,Wheat,186.4,"May, 2021"
Belgaum,1778.00,1794.00,2044.00,-0.9%,-13.0%,Wheat,16.5,"April, 2021"
Belgaum,1794.00,1687.00,2875.00,+6.3%,-37.6%,Wheat,1.4,"March, 2021"
Belgaum,1687.00,1781.00,2515.00,-5.3%,-32.9%,Wheat,1.8,"February, 2021"
Belgaum,1781.00,1737.00,2980.00,+2.5%,-40.2%,Wheat,64.2,"January, 2021"
Belgaum,1737.00,1790.00,-,-3.0%,-,Wheat,2.5,"December, 2020"
Belgaum,1790.00,1621.00,-,+10.4%,-,Wheat,6.4,"November, 2020"
Belgaum,1621.00,1672.00,-,-3.0%,-,Wheat,225.6,"October, 2020"
Belgaum,1672.00,1730.00,-,-3.4%,-,Wheat,268.1,"September, 2020"
Belgaum,1730.00,1923.00,-,-10.0%,-,Wheat,427.2,"August, 2020"
Belgaum,1923.00,2291.00,-,-16.1%,-,Wheat,472.2,"July, 2020"
Belgaum,2291.00,2310.00,-,-0.8%,-,Wheat,299.7,"June, 2020"
Belgaum,2310.00,2044.00,-,+13.0%,-,Wheat,31.1,"May, 2020"
Belgaum,2044.00,2875.00,-,-28.9%,-,Wheat,13.3,"April, 2020"
Belgaum,2875.00,2515.00,-,+14.3%,-,Wheat,2.4,"March, 2020"
Belgaum,2515.00,2980.00,-,-15.6%,-,Wheat,2.4,"February, 2020"
Belgaum,2980.00,-,-,-,-,Wheat,3.5,"January, 2020"


Belgaum,2337.00,1587.00,2391.64,+47.3%,-2.3%,Maize,152.3,"July, 2026"
Belgaum,1587.00,1563.86,2363.70,+1.5%,-32.9%,Maize,131.9,"June, 2026"
Belgaum,1563.86,1587.77,2382.21,-1.5%,-34.4%,Maize,40.0,"May, 2026"
Belgaum,1587.77,1820.68,2342.25,-12.8%,-32.2%,Maize,12.0,"April, 2026"
Belgaum,1820.68,1792.04,2348.41,+1.6%,-22.5%,Maize,2.8,"March, 2026"
Belgaum,1792.04,1915.49,2177.31,-6.4%,-17.7%,Maize,0.8,"February, 2026"
Belgaum,1915.49,1916.26,2151.91,0.0%,-11.0%,Maize,1.9,"January, 2026"
Belgaum,1916.26,1856.34,1791.96,+3.2%,+6.9%,Maize,0.9,"December, 2025"
Belgaum,1856.34,1843.17,1790.66,+0.7%,+3.7%,Maize,5.9,"November, 2025"
Belgaum,1843.17,2373.70,1915.46,-22.4%,-3.8%,Maize,109.7,"October, 2025"
Belgaum,2373.70,2383.63,2784.27,-0.4%,-14.7%,Maize,218.7,"September, 2025"
Belgaum,2383.63,2391.64,2672.70,-0.3%,-10.8%,Maize,266.1,"August, 2025"
Belgaum,2391.64,2363.70,2457.65,+1.2%,-2.7%,Maize,248.2,"July, 2025"
Belgaum,2363.70,2382.21,2285.09,-0.8%,+3.4%,Maize,243.3,"June, 2025"
Belgaum,2382.21,2342.25,2199.84,+1.7%,+8.3%,Maize,253.2,"May, 2025"
Belgaum,2342.25,2348.41,2183.59,-0.3%,+7.3%,Maize,15.5,"April, 2025"
Belgaum,2348.41,2177.31,2274.73,+7.9%,+3.2%,Maize,1.8,"March, 2025"
Belgaum,2177.31,2151.91,2300.00,+1.2%,-5.3%,Maize,0.0,"February, 2025"
Belgaum,2151.91,1791.96,2245.71,+20.1%,-4.2%,Maize,0.0,"January, 2025"
Belgaum,1791.96,1790.66,2146.81,+0.1%,-16.5%,Maize,15.7,"December, 2024"
Belgaum,1790.66,1915.46,2231.61,-6.5%,-19.8%,Maize,20.6,"November, 2024"
Belgaum,1915.46,2784.27,2138.60,-31.2%,-10.4%,Maize,214.9,"October, 2024"
Belgaum,2784.27,2672.70,2134.24,+4.2%,+30.5%,Maize,140.7,"September, 2024"
Belgaum,2672.70,2457.65,2051.76,+8.8%,+30.3%,Maize,258.5,"August, 2024"
Belgaum,2457.65,2285.09,2071.39,+7.6%,+18.6%,Maize,435.3,"July, 2024"
Belgaum,2285.09,2199.84,1950.55,+3.9%,+17.2%,Maize,235.0,"June, 2024"
Belgaum,2199.84,2183.59,1832.60,+0.7%,+20.0%,Maize,96.1,"May, 2024"
Belgaum,2183.59,2274.73,1959.65,-4.0%,+11.4%,Maize,27.4,"April, 2024"
Belgaum,2274.73,2300.00,2103.45,-1.1%,+8.1%,Maize,0.5,"March, 2024"
Belgaum,2300.00,2245.71,2027.60,+2.4%,+13.4%,Maize,0.0,"February, 2024"
Belgaum,2245.71,2146.81,2013.58,+4.6%,+11.5%,Maize,3.1,"January, 2024"
Belgaum,2146.81,2231.61,1980.00,-3.8%,+8.4%,Maize,0.7,"December, 2023"
Belgaum,2231.61,2138.60,2045.00,+4.3%,+9.1%,Maize,45.4,"November, 2023"
Belgaum,2138.60,2134.24,1958.00,+0.2%,+9.2%,Maize,91.7,"October, 2023"
Belgaum,2134.24,2051.76,2242.45,+4.0%,-4.8%,Maize,166.7,"September, 2023"
Belgaum,2051.76,2071.39,2394.00,-0.9%,-14.3%,Maize,74.9,"August, 2023"
Belgaum,2071.39,1950.55,2376.59,+6.2%,-12.8%,Maize,399.1,"July, 2023"
Belgaum,1950.55,1832.60,2210.00,+6.4%,-11.7%,Maize,83.0,"June, 2023"
Belgaum,1832.60,1959.65,2147.27,-6.5%,-14.6%,Maize,79.6,"May, 2023"
Belgaum,1959.65,2103.45,2296.22,-6.8%,-8.3%,Maize,16.2,"April, 2023"
Belgaum,2103.45,2027.60,2115.22,+3.7%,-0.5%,Maize,1.5,"March, 2023"
Belgaum,2027.60,2013.58,1846.00,+0.7%,+9.8%,Maize,0.0,"February, 2023"
Belgaum,2013.58,2071.74,1659.76,-2.8%,+21.4%,Maize,1.8,"January, 2023"
Belgaum,2071.74,2045.00,1621.00,+1.3%,+27.8%,Maize,25.4,"December, 2022"
Belgaum,2045.00,1958.00,1632.00,+4.4%,+25.3%,Maize,6.5,"November, 2022"
Belgaum,1958.00,2242.00,1612.00,-12.7%,+21.5%,Maize,176.0,"October, 2022"
Belgaum,2242.00,2394.00,1603.00,-6.3%,+39.9%,Maize,183.3,"September, 2022"
Belgaum,2394.00,2376.00,1663.00,+0.8%,+44.0%,Maize,279.4,"August, 2022"
Belgaum,2376.00,2210.00,1825.00,+7.5%,+30.2%,Maize,337.3,"July, 2022"
Belgaum,2210.00,2147.00,1584.00,+2.9%,+39.5%,Maize,185.3,"June, 2022"
Belgaum,2147.00,2138.00,1450.00,+0.4%,+48.1%,Maize,296.3,"May, 2022"
Belgaum,2138.00,2115.00,1395.00,+1.1%,+53.3%,Maize,35.6,"April, 2022"
Belgaum,2115.00,1846.00,1400.00,+14.6%,+51.1%,Maize,3.7,"March, 2022"
Belgaum,1846.00,1659.00,1385.00,+11.3%,+33.3%,Maize,0.0,"February, 2022"
Belgaum,1659.00,1621.00,1331.00,+2.3%,+24.6%,Maize,0.6,"January, 2022"
Belgaum,1621.00,1632.00,1344.00,-0.7%,+20.6%,Maize,16.2,"December, 2021"
Belgaum,1632.00,1612.00,1336.00,+1.2%,+22.2%,Maize,107.1,"November, 2021"
Belgaum,1612.00,1603.00,1299.00,+0.6%,+24.1%,Maize,150.3,"October, 2021"
Belgaum,1603.00,1663.00,1330.00,-3.6%,+20.5%,Maize,188.2,"September, 2021"
Belgaum,1663.00,1825.00,1333.00,-8.9%,+24.8%,Maize,129.5,"August, 2021"
Belgaum,1825.00,1584.00,1402.00,+15.2%,+30.2%,Maize,493.5,"July, 2021"
Belgaum,1584.00,1450.00,1388.00,+9.2%,+14.1%,Maize,578.7,"June, 2021"
Belgaum,1450.00,1395.00,1325.00,+3.9%,+9.4%,Maize,186.4,"May, 2021"
Belgaum,1395.00,1400.00,1398.00,-0.4%,-0.2%,Maize,16.5,"April, 2021"
Belgaum,1400.00,1385.00,1523.00,+1.1%,-8.1%,Maize,1.4,"March, 2021"
Belgaum,1385.00,1331.00,1729.00,+4.1%,-19.9%,Maize,1.8,"February, 2021"
Belgaum,1331.00,1344.00,1861.00,-1.0%,-28.5%,Maize,64.2,"January, 2021"
Belgaum,1344.00,1336.00,-,+0.6%,-,Maize,2.5,"December, 2020"
Belgaum,1336.00,1299.00,-,+2.8%,-,Maize,6.4,"November, 2020"
Belgaum,1299.00,1330.00,-,-2.3%,-,Maize,225.6,"October, 2020"
Belgaum,1330.00,1333.00,-,-0.2%,-,Maize,268.1,"September, 2020"
Belgaum,1333.00,1402.00,-,-4.9%,-,Maize,427.2,"August, 2020"
Belgaum,1402.00,1388.00,-,+1.0%,-,Maize,472.2,"July, 2020"
Belgaum,1388.00,1325.00,-,+4.8%,-,Maize,299.7,"June, 2020"
Belgaum,1325.00,1398.00,-,-5.2%,-,Maize,31.1,"May, 2020"
Belgaum,1398.00,1523.00,-,-8.2%,-,Maize,13.3,"April, 2020"
Belgaum,1523.00,1729.00,-,-11.9%,-,Maize,2.4,"March, 2020"
Belgaum,1729.00,1861.00,-,-7.1%,-,Maize,2.4,"February, 2020"
Belgaum,1861.00,-,-,-,-,Maize,3.5,"January, 2020"


Belgaum,6720.00,6742.00,4000.00,-0.3%,+68.0%,Soyabean,152.3,"July, 2026"
Belgaum,6742.00,6288.00,4070.00,+7.2%,+65.7%,Soyabean,131.9,"June, 2026"
Belgaum,6288.00,5329.00,4166.00,+18.0%,+50.9%,Soyabean,40.0,"May, 2026"
Belgaum,5329.00,5301.00,4096.00,+0.5%,+30.1%,Soyabean,12.0,"April, 2026"
Belgaum,5301.00,5282.00,4027.00,+0.4%,+31.6%,Soyabean,2.8,"March, 2026"
Belgaum,5282.00,4838.00,4037.00,+9.2%,+30.8%,Soyabean,0.8,"February, 2026"
Belgaum,4838.00,4494.00,4059.00,+7.7%,+19.2%,Soyabean,1.9,"January, 2026"
Belgaum,4494.00,4347.00,4048.00,+3.4%,+11.0%,Soyabean,0.9,"December, 2025"
Belgaum,4347.00,3903.00,4141.00,+11.4%,+5.0%,Soyabean,5.9,"November, 2025"
Belgaum,3903.00,3960.00,4201.00,-1.4%,-7.1%,Soyabean,109.7,"October, 2025"
Belgaum,3960.00,4740.00,4335.00,-16.5%,-8.7%,Soyabean,218.7,"September, 2025"
Belgaum,4740.00,4000.00,4170.00,+18.5%,+13.7%,Soyabean,266.1,"August, 2025"
Belgaum,4000.00,4070.00,4378.00,-1.7%,-8.6%,Soyabean,248.2,"July, 2025"
Belgaum,4070.00,4166.00,4501.00,-2.3%,-9.6%,Soyabean,243.3,"June, 2025"
Belgaum,4166.00,4096.00,4571.00,+1.7%,-8.9%,Soyabean,253.2,"May, 2025"
Belgaum,4096.00,4027.00,4530.00,+1.7%,-9.6%,Soyabean,15.5,"April, 2025"
Belgaum,4027.00,4037.00,4466.00,-0.2%,-9.8%,Soyabean,1.8,"March, 2025"
Belgaum,4037.00,4059.00,4460.00,-0.5%,-9.5%,Soyabean,0.0,"February, 2025"
Belgaum,4059.00,4048.00,4522.00,+0.3%,-10.2%,Soyabean,0.0,"January, 2025"
Belgaum,4048.00,4141.00,4894.00,-2.2%,-17.3%,Soyabean,15.7,"December, 2024"
Belgaum,4141.00,4201.00,4897.00,-1.4%,-15.4%,Soyabean,20.6,"November, 2024"
Belgaum,4201.00,4335.00,4561.00,-3.1%,-7.9%,Soyabean,214.9,"October, 2024"
Belgaum,4335.00,4170.00,4676.00,+4.0%,-7.3%,Soyabean,140.7,"September, 2024"
Belgaum,4170.00,4378.00,4843.00,-4.8%,-13.9%,Soyabean,258.5,"August, 2024"
Belgaum,4378.00,4501.00,4850.00,-2.7%,-9.7%,Soyabean,435.3,"July, 2024"
Belgaum,4501.00,4571.00,4859.00,-1.5%,-7.4%,Soyabean,235.0,"June, 2024"
Belgaum,4571.00,4530.00,4919.00,+0.9%,-7.1%,Soyabean,96.1,"May, 2024"
Belgaum,4530.00,4466.00,5010.00,+1.4%,-9.6%,Soyabean,27.4,"April, 2024"
Belgaum,4466.00,4460.00,4935.00,+0.1%,-9.5%,Soyabean,0.5,"March, 2024"
Belgaum,4460.00,4522.00,5081.00,-1.4%,-12.2%,Soyabean,0.0,"February, 2024"
Belgaum,4522.00,4894.00,5161.00,-7.6%,-12.4%,Soyabean,3.1,"January, 2024"
Belgaum,4894.00,4897.00,5257.00,-0.1%,-6.9%,Soyabean,0.7,"December, 2023"
Belgaum,4897.00,4561.00,5294.00,+7.4%,-7.5%,Soyabean,45.4,"November, 2023"
Belgaum,4561.00,4676.00,4749.00,-2.5%,-4.0%,Soyabean,91.7,"October, 2023"
Belgaum,4676.00,4843.00,4722.00,-3.4%,-1.0%,Soyabean,166.7,"September, 2023"
Belgaum,4843.00,4850.00,5800.00,-0.1%,-16.5%,Soyabean,74.9,"August, 2023"
Belgaum,4850.00,4859.00,6156.00,-0.2%,-21.2%,Soyabean,399.1,"July, 2023"
Belgaum,4859.00,4919.00,6255.00,-1.2%,-22.3%,Soyabean,83.0,"June, 2023"
Belgaum,4919.00,5010.00,6498.00,-1.8%,-24.3%,Soyabean,79.6,"May, 2023"
Belgaum,5010.00,4935.00,7078.00,+1.5%,-29.2%,Soyabean,16.2,"April, 2023"
Belgaum,4935.00,5081.00,7124.00,-2.9%,-30.7%,Soyabean,1.5,"March, 2023"
Belgaum,5081.00,5161.00,6475.00,-1.6%,-21.5%,Soyabean,0.0,"February, 2023"
Belgaum,5161.00,5257.00,6137.00,-1.8%,-15.9%,Soyabean,1.8,"January, 2023"
Belgaum,5257.00,5294.00,6254.00,-0.7%,-15.9%,Soyabean,25.4,"December, 2022"
Belgaum,5294.00,4749.00,5855.00,+11.5%,-9.6%,Soyabean,6.5,"November, 2022"
Belgaum,4749.00,4722.00,5496.00,+0.6%,-13.6%,Soyabean,176.0,"October, 2022"
Belgaum,4722.00,5800.00,6999.00,-18.6%,-32.5%,Soyabean,183.3,"September, 2022"
Belgaum,5800.00,6156.00,8654.00,-5.8%,-33.0%,Soyabean,279.4,"August, 2022"
Belgaum,6156.00,6255.00,7457.00,-1.6%,-17.4%,Soyabean,337.3,"July, 2022"
Belgaum,6255.00,6498.00,6826.00,-3.7%,-8.4%,Soyabean,185.3,"June, 2022"
Belgaum,6498.00,7078.00,6678.00,-8.2%,-2.7%,Soyabean,296.3,"May, 2022"
Belgaum,7078.00,7124.00,6660.00,-0.6%,+6.3%,Soyabean,35.6,"April, 2022"
Belgaum,7124.00,6475.00,5177.00,+10.0%,+37.6%,Soyabean,3.7,"March, 2022"
Belgaum,6475.00,6137.00,4531.00,+5.5%,+42.9%,Soyabean,0.0,"February, 2022"
Belgaum,6137.00,6254.00,4358.00,-1.9%,+40.8%,Soyabean,0.6,"January, 2022"
Belgaum,6254.00,5855.00,4280.00,+6.8%,+46.1%,Soyabean,16.2,"December, 2021"
Belgaum,5855.00,5496.00,4122.00,+6.5%,+42.0%,Soyabean,107.1,"November, 2021"
Belgaum,5496.00,6999.00,3648.00,-21.5%,+50.7%,Soyabean,150.3,"October, 2021"
Belgaum,6999.00,8654.00,3621.00,-19.1%,+93.3%,Soyabean,188.2,"September, 2021"
Belgaum,8654.00,7457.00,3685.00,+16.1%,+134.8%,Soyabean,129.5,"August, 2021"
Belgaum,7457.00,6826.00,3539.00,+9.2%,+110.7%,Soyabean,493.5,"July, 2021"
Belgaum,6826.00,6678.00,3585.00,+2.2%,+90.4%,Soyabean,578.7,"June, 2021"
Belgaum,6678.00,6660.00,3632.00,+0.3%,+83.9%,Soyabean,186.4,"May, 2021"
Belgaum,6660.00,5177.00,3627.00,+28.6%,+83.6%,Soyabean,16.5,"April, 2021"
Belgaum,5177.00,4531.00,3518.00,+14.3%,+47.2%,Soyabean,1.4,"March, 2021"
Belgaum,4531.00,4358.00,3940.00,+4.0%,+15.0%,Soyabean,1.8,"February, 2021"
Belgaum,4358.00,4280.00,4088.00,+1.8%,+6.6%,Soyabean,64.2,"January, 2021"
Belgaum,4280.00,4122.00,-,+3.8%,-,Soyabean,2.5,"December, 2020"
Belgaum,4122.00,3648.00,-,+13.0%,-,Soyabean,6.4,"November, 2020"
Belgaum,3648.00,3621.00,-,+0.7%,-,Soyabean,225.6,"October, 2020"
Belgaum,3621.00,3685.00,-,-1.7%,-,Soyabean,268.1,"September, 2020"
Belgaum,3685.00,3539.00,-,+4.1%,-,Soyabean,427.2,"August, 2020"
Belgaum,3539.00,3585.00,-,-1.3%,-,Soyabean,472.2,"July, 2020"
Belgaum,3585.00,3632.00,-,-1.3%,-,Soyabean,299.7,"June, 2020"
Belgaum,3632.00,3627.00,-,+0.1%,-,Soyabean,31.1,"May, 2020"
Belgaum,3627.00,3518.00,-,+3.1%,-,Soyabean,13.3,"April, 2020"
Belgaum,3518.00,3940.00,-,-10.7%,-,Soyabean,2.4,"March, 2020"
Belgaum,3940.00,4088.00,-,-3.6%,-,Soyabean,2.4,"February, 2020"
Belgaum,4088.00,-,-,-,-,Soyabean,3.5,"January, 2020"


Belgaum,7882.00,7669.00,5280.00,+2.8%,+49.3%,Groundnut,152.3,"July, 2026"
Belgaum,7669.00,7318.00,4997.00,+4.8%,+53.5%,Groundnut,131.9,"June, 2026"
Belgaum,7318.00,6735.00,4790.00,+8.7%,+52.8%,Groundnut,40.0,"May, 2026"
Belgaum,6735.00,7957.00,5858.00,-15.4%,+15.0%,Groundnut,12.0,"April, 2026"
Belgaum,7957.00,7350.00,6005.00,+8.3%,+32.5%,Groundnut,2.8,"March, 2026"
Belgaum,7350.00,7120.00,6600.00,+3.2%,+11.4%,Groundnut,0.8,"February, 2026"
Belgaum,7120.00,7474.00,6550.00,-4.7%,+8.7%,Groundnut,1.9,"January, 2026"
Belgaum,7474.00,5209.00,6677.00,+43.5%,+11.9%,Groundnut,0.9,"December, 2025"
Belgaum,5209.00,7850.00,4450.00,-33.6%,+17.1%,Groundnut,5.9,"November, 2025"
Belgaum,7850.00,8800.00,4650.00,-10.8%,+68.8%,Groundnut,109.7,"October, 2025"
Belgaum,8800.00,5384.00,4800.00,+63.4%,+83.3%,Groundnut,218.7,"September, 2025"
Belgaum,5384.00,5280.00,5150.00,+2.0%,+4.5%,Groundnut,266.1,"August, 2025"
Belgaum,5280.00,4997.00,5400.00,+5.7%,-2.2%,Groundnut,248.2,"July, 2025"
Belgaum,4997.00,4790.00,5551.00,+4.3%,-10.0%,Groundnut,243.3,"June, 2025"
Belgaum,4790.00,5858.00,6200.00,-18.2%,-22.7%,Groundnut,253.2,"May, 2025"
Belgaum,5858.00,6005.00,6859.00,-2.4%,-14.6%,Groundnut,15.5,"April, 2025"
Belgaum,6005.00,6600.00,6577.00,-9.0%,-8.7%,Groundnut,1.8,"March, 2025"
Belgaum,6600.00,6550.00,6450.00,+0.8%,+2.3%,Groundnut,0.0,"February, 2025"
Belgaum,6550.00,6677.00,6400.00,-1.9%,+2.3%,Groundnut,0.0,"January, 2025"
Belgaum,6677.00,4450.00,6700.00,+50.0%,-0.3%,Groundnut,15.7,"December, 2024"
Belgaum,4450.00,4650.00,6861.00,-4.3%,-35.1%,Groundnut,20.6,"November, 2024"
Belgaum,4650.00,4800.00,6947.00,-3.1%,-33.1%,Groundnut,214.9,"October, 2024"
Belgaum,4800.00,5150.00,7329.00,-6.8%,-34.5%,Groundnut,140.7,"September, 2024"
Belgaum,5150.00,5400.00,7391.00,-4.6%,-30.3%,Groundnut,258.5,"August, 2024"
Belgaum,5400.00,5551.00,6565.00,-2.7%,-17.7%,Groundnut,435.3,"July, 2024"
Belgaum,5551.00,6200.00,6444.00,-10.5%,-13.9%,Groundnut,235.0,"June, 2024"
Belgaum,6200.00,6859.00,6481.00,-9.6%,-4.3%,Groundnut,96.1,"May, 2024"
Belgaum,6859.00,6577.00,6041.00,+4.3%,+13.5%,Groundnut,27.4,"April, 2024"
Belgaum,6577.00,6450.00,6336.00,+2.0%,+3.8%,Groundnut,0.5,"March, 2024"
Belgaum,6450.00,6400.00,6422.00,+0.8%,+0.4%,Groundnut,0.0,"February, 2024"
Belgaum,6400.00,6700.00,6258.00,-4.5%,+2.3%,Groundnut,3.1,"January, 2024"
Belgaum,6700.00,6861.00,6001.00,-2.3%,+11.6%,Groundnut,0.7,"December, 2023"
Belgaum,6861.00,6947.00,6259.00,-1.2%,+9.6%,Groundnut,45.4,"November, 2023"
Belgaum,6947.00,7329.00,4876.00,-5.2%,+42.5%,Groundnut,91.7,"October, 2023"
Belgaum,7329.00,7391.00,5997.00,-0.8%,+22.2%,Groundnut,166.7,"September, 2023"
Belgaum,7391.00,6565.00,5523.00,+12.6%,+33.8%,Groundnut,74.9,"August, 2023"
Belgaum,6565.00,6444.00,5509.00,+1.9%,+19.2%,Groundnut,399.1,"July, 2023"
Belgaum,6444.00,6481.00,6208.00,-0.6%,+3.8%,Groundnut,83.0,"June, 2023"
Belgaum,6481.00,6041.00,6185.00,+7.3%,+4.8%,Groundnut,79.6,"May, 2023"
Belgaum,6041.00,6336.00,6053.00,-4.7%,-0.2%,Groundnut,16.2,"April, 2023"
Belgaum,6336.00,6422.00,5842.00,-1.3%,+8.5%,Groundnut,1.5,"March, 2023"
Belgaum,6422.00,6258.00,5661.00,+2.6%,+13.4%,Groundnut,0.0,"February, 2023"
Belgaum,6258.00,6001.00,5511.00,+4.3%,+13.6%,Groundnut,1.8,"January, 2023"
Belgaum,6001.00,6259.00,5538.00,-4.1%,+8.4%,Groundnut,25.4,"December, 2022"
Belgaum,6259.00,4876.00,5796.00,+28.4%,+8.0%,Groundnut,6.5,"November, 2022"
Belgaum,4876.00,5997.00,4978.00,-18.7%,-2.0%,Groundnut,176.0,"October, 2022"
Belgaum,5997.00,5523.00,4422.00,+8.6%,+35.6%,Groundnut,183.3,"September, 2022"
Belgaum,5523.00,5509.00,5547.00,+0.3%,-0.4%,Groundnut,279.4,"August, 2022"
Belgaum,5509.00,6208.00,5173.00,-11.3%,+6.5%,Groundnut,337.3,"July, 2022"
Belgaum,6208.00,6185.00,5194.00,+0.4%,+19.5%,Groundnut,185.3,"June, 2022"
Belgaum,6185.00,6053.00,5443.00,+2.2%,+13.6%,Groundnut,296.3,"May, 2022"
Belgaum,6053.00,5842.00,5301.00,+3.6%,+14.2%,Groundnut,35.6,"April, 2022"
Belgaum,5842.00,5661.00,5749.00,+3.2%,+1.6%,Groundnut,3.7,"March, 2022"
Belgaum,5661.00,5511.00,5137.00,+2.7%,+10.2%,Groundnut,0.0,"February, 2022"
Belgaum,5511.00,5538.00,4249.00,-0.5%,+29.7%,Groundnut,0.6,"January, 2022"
Belgaum,5538.00,5796.00,4100.00,-4.5%,+35.1%,Groundnut,16.2,"December, 2021"
Belgaum,5796.00,4978.00,4007.00,+16.4%,+44.6%,Groundnut,107.1,"November, 2021"
Belgaum,4978.00,4422.00,3505.00,+12.6%,+42.0%,Groundnut,150.3,"October, 2021"
Belgaum,4422.00,5547.00,4048.00,-20.3%,+9.2%,Groundnut,188.2,"September, 2021"
Belgaum,5547.00,5173.00,5065.00,+7.2%,+9.5%,Groundnut,129.5,"August, 2021"
Belgaum,5173.00,5194.00,5691.00,-0.4%,-9.1%,Groundnut,493.5,"July, 2021"
Belgaum,5194.00,5443.00,5204.00,-4.6%,-0.2%,Groundnut,578.7,"June, 2021"
Belgaum,5443.00,5301.00,5264.00,+2.7%,+3.4%,Groundnut,186.4,"May, 2021"
Belgaum,5301.00,5749.00,5129.00,-7.8%,+3.4%,Groundnut,16.5,"April, 2021"
Belgaum,5749.00,5137.00,5399.00,+11.9%,+6.5%,Groundnut,1.4,"March, 2021"
Belgaum,5137.00,4249.00,4561.00,+20.9%,+12.6%,Groundnut,1.8,"February, 2021"
Belgaum,4249.00,4100.00,3144.00,+3.6%,+35.1%,Groundnut,64.2,"January, 2021"
Belgaum,4100.00,4007.00,-,+2.3%,-,Groundnut,2.5,"December, 2020"
Belgaum,4007.00,3505.00,-,+14.3%,-,Groundnut,6.4,"November, 2020"
Belgaum,3505.00,4048.00,-,-13.4%,-,Groundnut,225.6,"October, 2020"
Belgaum,4048.00,5065.00,-,-20.1%,-,Groundnut,268.1,"September, 2020"
Belgaum,5065.00,5691.00,-,-11.0%,-,Groundnut,427.2,"August, 2020"
Belgaum,5691.00,5204.00,-,+9.4%,-,Groundnut,472.2,"July, 2020"
Belgaum,5204.00,5264.00,-,-1.1%,-,Groundnut,299.7,"June, 2020"
Belgaum,5264.00,5129.00,-,+2.6%,-,Groundnut,31.1,"May, 2020"
Belgaum,5129.00,5399.00,-,-5.0%,-,Groundnut,13.3,"April, 2020"
Belgaum,5399.00,4561.00,-,+18.4%,-,Groundnut,2.4,"March, 2020"
Belgaum,4561.00,3144.00,-,+45.1%,-,Groundnut,2.4,"February, 2020"
Belgaum,3144.00,-,-,-,-,Groundnut,3.5,"January, 2020"


Belgaum,2415.00,2048.00,2000.00,+17.9%,+20.8%,Onion,152.3,"July, 2026"
Belgaum,2048.00,1390.00,1920.00,+47.3%,+6.7%,Onion,131.9,"June, 2026"
Belgaum,1390.00,1185.00,1850.00,+17.3%,-24.9%,Onion,40.0,"May, 2026"
Belgaum,1185.00,1203.00,2180.00,-1.5%,-45.6%,Onion,12.0,"April, 2026"
Belgaum,1203.00,1293.00,2500.00,-7.0%,-51.9%,Onion,2.8,"March, 2026"
Belgaum,1293.00,1708.00,2916.00,-24.3%,-55.7%,Onion,0.8,"February, 2026"
Belgaum,1708.00,2105.00,2947.00,-18.9%,-42.0%,Onion,1.9,"January, 2026"
Belgaum,2105.00,1568.00,3512.00,+34.2%,-40.1%,Onion,0.9,"December, 2025"
Belgaum,1568.00,1950.00,2974.00,-19.6%,-47.3%,Onion,5.9,"November, 2025"
Belgaum,1950.00,2300.00,2793.00,-15.2%,-30.2%,Onion,109.7,"October, 2025"
Belgaum,2300.00,2150.00,4224.00,+7.0%,-45.5%,Onion,218.7,"September, 2025"
Belgaum,2150.00,2000.00,3506.00,+7.5%,-38.7%,Onion,266.1,"August, 2025"
Belgaum,2000.00,1920.00,3058.00,+4.2%,-34.6%,Onion,248.2,"July, 2025"
Belgaum,1920.00,1850.00,2939.00,+3.8%,-34.7%,Onion,243.3,"June, 2025"
Belgaum,1850.00,2180.00,2093.00,-15.1%,-11.6%,Onion,253.2,"May, 2025"
Belgaum,2180.00,2500.00,1672.00,-12.8%,+30.4%,Onion,15.5,"April, 2025"
Belgaum,2500.00,2916.00,1701.00,-14.3%,+47.0%,Onion,1.8,"March, 2025"
Belgaum,2916.00,2947.00,1866.00,-1.1%,+56.3%,Onion,0.0,"February, 2025"
Belgaum,2947.00,3512.00,1946.00,-16.1%,+51.4%,Onion,0.0,"January, 2025"
Belgaum,3512.00,2974.00,3365.00,+18.1%,+4.4%,Onion,15.7,"December, 2024"
Belgaum,2974.00,2793.00,4169.00,+6.5%,-28.7%,Onion,20.6,"November, 2024"
Belgaum,2793.00,4224.00,3337.00,-33.9%,-16.3%,Onion,214.9,"October, 2024"
Belgaum,4224.00,3506.00,2142.00,+20.5%,+97.2%,Onion,140.7,"September, 2024"
Belgaum,3506.00,3058.00,2192.00,+14.6%,+59.9%,Onion,258.5,"August, 2024"
Belgaum,3058.00,2939.00,1575.00,+4.0%,+94.2%,Onion,435.3,"July, 2024"
Belgaum,2939.00,2093.00,1298.00,+40.4%,+126.4%,Onion,235.0,"June, 2024"
Belgaum,2093.00,1672.00,1027.00,+25.2%,+103.8%,Onion,96.1,"May, 2024"
Belgaum,1672.00,1701.00,964.00,-1.7%,+73.4%,Onion,27.4,"April, 2024"
Belgaum,1701.00,1866.00,1020.00,-8.8%,+66.8%,Onion,0.5,"March, 2024"
Belgaum,1866.00,1946.00,1182.00,-4.1%,+57.9%,Onion,0.0,"February, 2024"
Belgaum,1946.00,3365.00,1692.00,-42.2%,+15.0%,Onion,3.1,"January, 2024"
Belgaum,3365.00,4169.00,1785.00,-19.3%,+88.5%,Onion,0.7,"December, 2023"
Belgaum,4169.00,3337.00,1919.00,+24.9%,+117.2%,Onion,45.4,"November, 2023"
Belgaum,3337.00,2142.00,1742.00,+55.8%,+91.6%,Onion,91.7,"October, 2023"
Belgaum,2142.00,2192.00,1515.00,-2.3%,+41.4%,Onion,166.7,"September, 2023"
Belgaum,2192.00,1575.00,1570.00,+39.2%,+39.6%,Onion,74.9,"August, 2023"
Belgaum,1575.00,1298.00,1570.00,+21.3%,+0.3%,Onion,399.1,"July, 2023"
Belgaum,1298.00,1027.00,1578.00,+26.4%,-17.7%,Onion,83.0,"June, 2023"
Belgaum,1027.00,964.00,1119.00,+6.5%,-8.2%,Onion,79.6,"May, 2023"
Belgaum,964.00,1020.00,1273.00,-5.5%,-24.3%,Onion,16.2,"April, 2023"
Belgaum,1020.00,1182.00,1556.00,-13.7%,-34.4%,Onion,1.5,"March, 2023"
Belgaum,1182.00,1692.00,1836.00,-30.1%,-35.6%,Onion,0.0,"February, 2023"
Belgaum,1692.00,1785.00,2374.00,-5.2%,-28.7%,Onion,1.8,"January, 2023"
Belgaum,1785.00,1919.00,2176.00,-7.0%,-18.0%,Onion,25.4,"December, 2022"
Belgaum,1919.00,1742.00,2377.00,+10.2%,-19.3%,Onion,6.5,"November, 2022"
Belgaum,1742.00,1515.00,2315.00,+15.0%,-24.8%,Onion,176.0,"October, 2022"
Belgaum,1515.00,1570.00,1791.00,-3.5%,-15.4%,Onion,183.3,"September, 2022"
Belgaum,1570.00,1570.00,1971.00,0.0%,-20.3%,Onion,279.4,"August, 2022"
Belgaum,1570.00,1578.00,2123.00,-0.5%,-26.1%,Onion,337.3,"July, 2022"
Belgaum,1578.00,1119.00,1869.00,+41.0%,-15.6%,Onion,185.3,"June, 2022"
Belgaum,1119.00,1273.00,1199.00,-12.1%,-6.7%,Onion,296.3,"May, 2022"
Belgaum,1273.00,1556.00,1449.00,-18.2%,-12.1%,Onion,35.6,"April, 2022"
Belgaum,1556.00,1836.00,1797.00,-15.3%,-13.4%,Onion,3.7,"March, 2022"
Belgaum,1836.00,2374.00,3207.00,-22.7%,-42.8%,Onion,0.0,"February, 2022"
Belgaum,2374.00,2176.00,2733.00,+9.1%,-13.1%,Onion,0.6,"January, 2022"
Belgaum,2176.00,2377.00,2912.00,-8.5%,-25.3%,Onion,16.2,"December, 2021"
Belgaum,2377.00,2315.00,3763.00,+2.7%,-36.8%,Onion,107.1,"November, 2021"
Belgaum,2315.00,1791.00,3536.00,+29.3%,-34.5%,Onion,150.3,"October, 2021"
Belgaum,1791.00,1971.00,2183.00,-9.1%,-17.9%,Onion,188.2,"September, 2021"
Belgaum,1971.00,2123.00,1217.00,-7.2%,+62.0%,Onion,129.5,"August, 2021"
Belgaum,2123.00,1869.00,959.00,+13.6%,+121.4%,Onion,493.5,"July, 2021"
Belgaum,1869.00,1199.00,849.00,+55.9%,+120.1%,Onion,578.7,"June, 2021"
Belgaum,1199.00,1449.00,791.00,-17.3%,+51.6%,Onion,186.4,"May, 2021"
Belgaum,1449.00,1797.00,1279.00,-19.4%,+13.3%,Onion,16.5,"April, 2021"
Belgaum,1797.00,3207.00,1814.00,-44.0%,-0.9%,Onion,1.4,"March, 2021"
Belgaum,3207.00,2733.00,2326.00,+17.3%,+37.9%,Onion,1.8,"February, 2021"
Belgaum,2733.00,2912.00,4254.00,-6.1%,-35.8%,Onion,64.2,"January, 2021"
Belgaum,2912.00,3763.00,-,-22.6%,-,Onion,2.5,"December, 2020"
Belgaum,3763.00,3536.00,-,+6.4%,-,Onion,6.4,"November, 2020"
Belgaum,3536.00,2183.00,-,+62.0%,-,Onion,225.6,"October, 2020"
Belgaum,2183.00,1217.00,-,+79.4%,-,Onion,268.1,"September, 2020"
Belgaum,1217.00,959.00,-,+13.0%,-,Onion,427.2,"August, 2020"
Belgaum,959.00,849.00,-,+13.0%,-,Onion,472.2,"July, 2020"
Belgaum,849.00,791.00,-,+7.3%,-,Onion,299.7,"June, 2020"
Belgaum,791.00,1279.00,-,-38.2%,-,Onion,31.1,"May, 2020"
Belgaum,1279.00,1814.00,-,-29.5%,-,Onion,13.3,"April, 2020"
Belgaum,1814.00,2326.00,-,-22.0%,-,Onion,2.4,"March, 2020"
Belgaum,2326.00,4254.00,-,-45.3%,-,Onion,2.4,"February, 2020"
Belgaum,4254.00,-,-,-,-,Onion,3.5,"January, 2020"


Belgaum,1330.00,1440.00,1650.00,-7.6%,-19.4%,Potato,152.3,"July, 2026"
Belgaum,1440.00,1160.00,1620.00,+24.1%,-11.1%,Potato,131.9,"June, 2026"
Belgaum,1160.00,1230.00,1550.00,-5.7%,-25.2%,Potato,40.0,"May, 2026"
Belgaum,1230.00,1195.00,1680.00,+2.9%,-26.8%,Potato,12.0,"April, 2026"
Belgaum,1195.00,1284.00,1800.00,-6.9%,-33.6%,Potato,2.8,"March, 2026"
Belgaum,1284.00,1223.00,1861.00,+5.0%,-31.0%,Potato,0.8,"February, 2026"
Belgaum,1223.00,1478.00,2022.00,-17.3%,-39.5%,Potato,1.9,"January, 2026"
Belgaum,1478.00,1797.00,2414.00,-17.8%,-38.8%,Potato,0.9,"December, 2025"
Belgaum,1797.00,1820.00,3088.00,-1.3%,-41.8%,Potato,5.9,"November, 2025"
Belgaum,1820.00,1780.00,3209.00,+2.2%,-43.3%,Potato,109.7,"October, 2025"
Belgaum,1780.00,1720.00,2630.00,+3.5%,-32.3%,Potato,218.7,"September, 2025"
Belgaum,1720.00,1650.00,2820.00,+4.2%,-39.0%,Potato,266.1,"August, 2025"
Belgaum,1650.00,1620.00,2974.00,+1.9%,-44.5%,Potato,248.2,"July, 2025"
Belgaum,1620.00,1550.00,2859.00,+4.5%,-43.3%,Potato,243.3,"June, 2025"
Belgaum,1550.00,1680.00,2524.00,-7.7%,-38.6%,Potato,253.2,"May, 2025"
Belgaum,1680.00,1800.00,2308.00,-6.7%,-27.2%,Potato,15.5,"April, 2025"
Belgaum,1800.00,1861.00,2097.00,-3.3%,-14.2%,Potato,1.8,"March, 2025"
Belgaum,1861.00,2022.00,1883.00,-8.0%,-1.2%,Potato,0.0,"February, 2025"
Belgaum,2022.00,2414.00,1630.00,-16.2%,+24.0%,Potato,0.0,"January, 2025"
Belgaum,2414.00,3088.00,2226.00,-21.8%,+8.4%,Potato,15.7,"December, 2024"
Belgaum,3088.00,3209.00,2072.00,-3.8%,+49.0%,Potato,20.6,"November, 2024"
Belgaum,3209.00,2630.00,2090.00,+22.0%,+53.5%,Potato,214.9,"October, 2024"
Belgaum,2630.00,2820.00,1986.00,-6.7%,+32.4%,Potato,140.7,"September, 2024"
Belgaum,2820.00,2974.00,1888.00,-5.2%,+49.4%,Potato,258.5,"August, 2024"
Belgaum,2974.00,2859.00,1909.00,+4.0%,+55.8%,Potato,435.3,"July, 2024"
Belgaum,2859.00,2524.00,1981.00,+13.3%,+44.3%,Potato,235.0,"June, 2024"
Belgaum,2524.00,2308.00,1538.00,+9.4%,+64.1%,Potato,96.1,"May, 2024"
Belgaum,2308.00,2097.00,1438.00,+10.1%,+60.5%,Potato,27.4,"April, 2024"
Belgaum,2097.00,1883.00,1400.00,+11.4%,+49.8%,Potato,0.5,"March, 2024"
Belgaum,1883.00,1630.00,1347.00,+15.5%,+39.8%,Potato,0.0,"February, 2024"
Belgaum,1630.00,2226.00,1605.00,-26.8%,+1.6%,Potato,3.1,"January, 2024"
Belgaum,2226.00,2072.00,1922.00,+7.4%,+15.8%,Potato,0.7,"December, 2023"
Belgaum,2072.00,2090.00,2175.00,-0.9%,-4.7%,Potato,45.4,"November, 2023"
Belgaum,2090.00,1986.00,2318.00,+5.2%,-9.8%,Potato,91.7,"October, 2023"
Belgaum,1986.00,1888.00,2088.00,+5.2%,-4.9%,Potato,166.7,"September, 2023"
Belgaum,1888.00,1909.00,2146.00,-1.1%,-12.0%,Potato,74.9,"August, 2023"
Belgaum,1909.00,1981.00,1872.00,-3.6%,+2.0%,Potato,399.1,"July, 2023"
Belgaum,1981.00,1538.00,1893.00,+28.8%,+4.6%,Potato,83.0,"June, 2023"
Belgaum,1538.00,1438.00,1786.00,+7.0%,-13.9%,Potato,79.6,"May, 2023"
Belgaum,1438.00,1400.00,1197.00,+2.7%,+20.1%,Potato,16.2,"April, 2023"
Belgaum,1400.00,1347.00,1463.00,+3.9%,-4.3%,Potato,1.5,"March, 2023"
Belgaum,1347.00,1605.00,1384.00,-16.1%,-2.7%,Potato,0.0,"February, 2023"
Belgaum,1605.00,1922.00,1110.00,-16.5%,+44.6%,Potato,1.8,"January, 2023"
Belgaum,1922.00,2175.00,1418.00,-11.6%,+35.5%,Potato,25.4,"December, 2022"
Belgaum,2175.00,2318.00,1484.00,-6.2%,+46.6%,Potato,6.5,"November, 2022"
Belgaum,2318.00,2088.00,1554.00,+11.0%,+49.2%,Potato,176.0,"October, 2022"
Belgaum,2088.00,2146.00,1493.00,-2.7%,+39.9%,Potato,183.3,"September, 2022"
Belgaum,2146.00,1872.00,1483.00,+14.6%,+44.7%,Potato,279.4,"August, 2022"
Belgaum,1872.00,1893.00,1431.00,-1.1%,+30.8%,Potato,337.3,"July, 2022"
Belgaum,1893.00,1786.00,1515.00,+6.0%,+25.0%,Potato,185.3,"June, 2022"
Belgaum,1786.00,1197.00,1459.00,+49.2%,+22.4%,Potato,296.3,"May, 2022"
Belgaum,1197.00,1463.00,1526.00,-18.2%,-21.6%,Potato,35.6,"April, 2022"
Belgaum,1463.00,1384.00,1547.00,+5.7%,-5.4%,Potato,3.7,"March, 2022"
Belgaum,1384.00,1110.00,2517.00,+24.7%,-45.0%,Potato,0.0,"February, 2022"
Belgaum,1110.00,1418.00,2266.00,-21.7%,-51.0%,Potato,0.6,"January, 2022"
Belgaum,1418.00,1484.00,2547.00,-4.4%,-44.3%,Potato,16.2,"December, 2021"
Belgaum,1484.00,1554.00,2703.00,-4.5%,-45.1%,Potato,107.1,"November, 2021"
Belgaum,1554.00,1493.00,1838.00,+4.1%,-15.5%,Potato,150.3,"October, 2021"
Belgaum,1493.00,1483.00,2520.00,+0.7%,-40.8%,Potato,188.2,"September, 2021"
Belgaum,1483.00,1431.00,2275.00,+3.6%,-34.8%,Potato,129.5,"August, 2021"
Belgaum,1431.00,1515.00,1878.00,-5.5%,-23.8%,Potato,493.5,"July, 2021"
Belgaum,1515.00,1459.00,1619.00,+3.8%,-6.4%,Potato,578.7,"June, 2021"
Belgaum,1459.00,1526.00,1491.00,-4.4%,-2.1%,Potato,186.4,"May, 2021"
Belgaum,1526.00,1547.00,1897.00,-1.4%,-19.6%,Potato,16.5,"April, 2021"
Belgaum,1547.00,2517.00,1695.00,-38.5%,-8.7%,Potato,1.4,"March, 2021"
Belgaum,2517.00,2266.00,1876.00,+11.1%,+34.2%,Potato,1.8,"February, 2021"
Belgaum,2266.00,2547.00,2079.00,-11.0%,+9.0%,Potato,64.2,"January, 2021"
Belgaum,2547.00,2703.00,-,-5.8%,-,Potato,2.5,"December, 2020"
Belgaum,2703.00,1838.00,-,+47.1%,-,Potato,6.4,"November, 2020"
Belgaum,1838.00,2520.00,-,-27.1%,-,Potato,225.6,"October, 2020"
Belgaum,2520.00,2275.00,-,+10.8%,-,Potato,268.1,"September, 2020"
Belgaum,2275.00,1878.00,-,+21.1%,-,Potato,427.2,"August, 2020"
Belgaum,1878.00,1619.00,-,+16.0%,-,Potato,472.2,"July, 2020"
Belgaum,1619.00,1491.00,-,+8.6%,-,Potato,299.7,"June, 2020"
Belgaum,1491.00,1897.00,-,-21.4%,-,Potato,31.1,"May, 2020"
Belgaum,1897.00,1695.00,-,+11.9%,-,Potato,13.3,"April, 2020"
Belgaum,1695.00,1876.00,-,-9.6%,-,Potato,2.4,"March, 2020"
Belgaum,1876.00,2079.00,-,-9.8%,-,Potato,2.4,"February, 2020"
Belgaum,2079.00,-,-,-,-,Potato,3.5,"January, 2020"